,city,Cloudiness,Dates,Humidity,Lat,Lngs,Max Temp,Wind Speed,Country
0,vardo,75,1580171757,92,70.37,31.11,-12.0,6.2,NO
1,fomboni,37,1580171760,74,-12.28,43.74,28.19,5.55,KM
2,vaini,75,1580171040,88,-21.2,-175.2,27.0,2.1,TO
3,avarua,100,1580171175,94,-21.21,-159.78,25.0,2.1,CK
4,doha,0,1580171761,66,25.29,51.53,13.0,1.0,QA
5,poya,18,1580171762,77,-21.35,165.15,25.84,5.22,NC
6,yangambi,89,1580171763,43,0.81,24.43,23.48,0.77,CD
7,tadine,16,1580171763,64,-21.55,167.88,27.98,5.64,NC
8,hilo,90,1580171147,61,19.73,-155.09,27.0,5.7,US
9,dongsheng,86,1580171763,94,39.82,109.98,-7.43,4.7,CN
10,puerto ayora,75,1580171048,61,-0.74,-90.35,28.0,2.1,EC
11,berlevag,40,1580171192,78,70.86,29.09,-11.0,3.1,NO
12,luderitz,0,1580171204,59,-26.65,15.16,17.0,6.2,NA
13,kathu,20,1580171764,88,7.92,98.33,22.0,3.96,TH
14,ushuaia,90,1580171760,87,-54.8,-68.3,9.0,1.5,AR
15,hattiesburg,20,1580171711,93,31.33,-89.29,10.0,1.45,US
16,scottsbluff,20,1580171239,74,41.87,-103.67,3.33,3.6,US
17,hithadhoo,100,1580171184,80,-0.6,73.08,27.43,6.96,MV
18,bluff,11,1580171046,48,-46.6,168.33,18.03,2.58,NZ
19,yellowknife,90,1580171187,92,62.46,-114.35,-6.11,4.1,CA
20,bathsheba,20,1580171765,69,13.22,-59.52,26.0,4.6,BB
21,poum,93,1580171181,79,-20.23,164.02,26.53,9.09,NC
22,barra patuca,35,1580171765,76,15.8,-84.28,25.85,4.91,HN
23,havre-saint-pierre,90,1580171765,78,50.23,-63.6,-9.0,8.2,CA
24,chute-aux-outardes,90,1580171766,79,49.12,-68.4,-4.0,4.1,CA
25,victoria,40,1580171173,66,22.29,114.16,11.67,5.1,HK
26,metro,89,1580171766,89,-5.11,105.31,25.25,1.7,ID
27,rafai,26,1580171766,31,4.95,23.92,19.73,1.56,CF
28,new norfolk,20,1580171187,43,-42.78,147.06,22.78,7.7,AU
29,andilamena,81,1580171260,93,-17.02,48.58,18.23,1.24,MG
30,kapaa,90,1580171171,69,22.08,-159.32,26.0,4.6,US
31,rawson,0,1580171261,37,-43.3,-65.1,24.03,3.93,AR
32,dankov,90,1580171766,98,53.25,39.16,0.0,2.0,RU
33,busselton,0,1580171767,28,-33.65,115.33,31.11,1.96,AU
34,upernavik,100,1580171189,91,72.79,-56.15,-25.15,2.27,GL
35,faanui,77,1580171175,73,-16.48,-151.75,28.48,4.81,PF
36,luanda,40,1580171767,83,-8.84,13.23,27.0,2.1,AO
37,yanam,99,1580171055,83,16.73,82.22,23.29,1.38,IN
38,barrow,40,1580171172,68,71.29,-156.79,-29.0,3.6,US
39,vanimo,100,1580171173,80,-2.67,141.3,27.92,4.84,PG
40,puerto penasco,0,1580171470,41,31.32,-113.53,22.22,2.68,MX
41,codrington,98,1580171248,85,-38.27,141.97,15.7,4.79,AU
42,vila franca do campo,75,1580171768,93,37.72,-25.43,17.0,7.7,PT
43,pacific grove,20,1580171768,82,36.62,-121.92,16.67,2.1,US
44,mbanza-ngungu,67,1580171768,92,-5.25,14.87,20.31,1.01,CD
45,rikitea,79,1580171768,78,-23.12,-134.97,26.67,4.61,PF
46,road town,40,1580171257,88,18.42,-64.62,26.0,0.25,VG
47,port augusta,0,1580171768,64,-32.5,137.77,30.56,6.2,AU
48,hobart,20,1580170972,43,-42.88,147.33,22.78,7.7,AU
49,kruisfontein,100,1580171180,80,-34.0,24.73,13.49,1.45,ZA
50,birin,0,1580171769,88,26.89,88.07,2.32,2.07,NP
51,lebu,26,1580171041,79,-37.62,-73.65,16.17,4.92,CL
52,talnakh,40,1580171769,77,69.49,88.4,-14.0,10.0,RU
53,pangnirtung,40,1580171769,60,66.15,-65.71,-32.0,1.5,CA
54,havoysund,35,1580171227,71,71.0,24.66,-13.0,8.7,NO
55,dunedin,84,1580171136,63,-45.87,170.5,20.0,2.02,NZ
56,port elizabeth,100,1580171186,82,-33.92,25.57,13.0,2.6,ZA
57,jambi,66,1580171769,96,-1.6,103.62,24.14,0.53,ID
58,massakory,0,1580171769,11,13.0,15.73,18.38,5.0,TD
59,resplendor,100,1580171770,97,-19.33,-41.26,21.97,2.4,BR
60,hermanus,58,1580171180,95,-34.42,19.23,15.0,1.6,ZA
61,ulaangom,14,1580171770,83,49.98,92.07,-21.69,0.7,MN
62,mataura,69,1580171770,63,-46.19,168.86,21.22,0.68,NZ
63,cape town,68,1580170890,82,-33.93,18.42,16.67,3.1,ZA
64,aklavik,90,1580171184,67,68.22,-135.01,-30.0,5.1,CA
65,alofi,20,1580171109,74,-19.06,-169.92,29.0,3.1,NU
66,ilulissat,90,1580171179,60,69.22,-51.1,-14.0,3.1,GL
67,sibolga,98,1580171771,98,1.74,98.78,22.08,0.96,ID
68,breyten,100,1580171771,87,-26.3,29.99,13.94,2.66,ZA
69,suining,92,1580171762,83,30.51,105.57,6.68,0.52,CN
70,touros,86,1580171137,83,-5.2,-35.46,27.0,4.1,BR
71,kristianstad,100,1580171260,100,56.03,14.15,5.0,2.1,SE
72,nosy varika,75,1580171772,82,-20.58,48.53,22.06,1.2,MG
73,lagoa,100,1580171051,93,39.05,-27.98,17.73,10.46,PT
74,punta arenas,100,1580171772,66,-53.15,-70.92,11.0,6.7,CL
75,moses lake,20,1580171772,65,47.13,-119.28,8.33,2.6,US
76,saint-joseph,20,1580171772,64,-21.37,55.62,22.0,3.6,RE
77,fengzhen,100,1580171772,84,40.44,113.15,-8.76,1.79,CN
78,port lincoln,3,1580171191,64,-34.73,135.87,20.75,2.97,AU
79,banda aceh,100,1580171069,94,5.56,95.32,23.88,1.0,ID
80,castro,90,1580171041,81,-24.79,-50.01,20.11,0.94,BR
81,bethel,90,1580171773,60,41.37,-73.41,6.0,2.1,US
82,karratha,0,1580171773,77,-20.74,116.85,29.14,5.32,AU
83,saskylakh,49,1580171183,97,71.92,114.08,-31.67,1.34,RU
84,iqaluit,90,1580171184,77,63.75,-68.51,-17.0,3.6,CA
85,merritt island,90,1580171773,72,28.54,-80.67,20.0,3.49,US
86,springbok,77,1580171774,30,-29.66,17.89,16.0,2.25,ZA
87,nouadhibou,61,1580171651,68,20.93,-17.03,18.0,8.2,MR
88,kurduvadi,74,1580171774,47,18.08,75.43,19.61,3.06,IN
89,jamestown,90,1580171774,92,42.1,-79.24,0.56,4.6,US
90,carnarvon,40,1580171056,88,-24.87,113.63,26.0,6.7,AU
91,hamilton,90,1580171215,77,39.18,-84.53,1.11,1.5,US
92,villa corzo,5,1580171774,45,16.17,-93.25,29.0,5.1,MX
93,lavrentiya,73,1580171251,70,65.58,-171.0,-23.48,1.15,RU
94,jalu,26,1580171187,28,29.03,21.55,13.72,1.63,LY
95,voh,81,1580171180,74,-20.97,164.7,26.53,5.56,NC
96,cap malheureux,40,1580171775,83,-19.98,57.61,22.22,2.6,MU
97,mildura,0,1580171775,33,-34.2,142.15,26.11,2.6,AU
98,chuy,0,1580171192,77,-33.7,-53.46,16.98,3.49,UY
99,albany,90,1580171704,69,42.6,-73.97,3.33,4.6,US
100,uhlove,100,1580171775,75,44.82,33.6,8.96,2.01,UA
101,taoudenni,0,1580171776,24,22.68,-3.98,22.61,5.76,ML
102,vila velha,90,1580171693,94,-20.33,-40.29,24.0,2.1,BR
103,muzhi,83,1580171776,94,65.37,64.67,-25.37,2.62,RU
104,dikson,96,1580171180,97,73.51,80.55,-23.65,2.12,RU
105,hasaki,75,1580171144,100,35.73,140.83,6.0,5.1,JP
106,cabedelo,20,1580171776,78,-6.98,-34.83,28.0,3.1,BR
107,chester,90,1580171776,64,40.13,-75.87,5.56,4.6,US
108,mubende,100,1580171776,75,0.56,31.39,19.26,0.95,UG
109,barra do corda,100,1580171777,94,-5.5,-45.25,22.95,0.23,BR
110,benjamin constant,75,1580171777,88,-4.38,-70.03,29.0,2.1,BR
111,butaritari,54,1580171777,77,3.07,172.79,29.21,9.56,KI
112,byron bay,40,1580171260,69,-28.65,153.62,29.0,5.7,AU
113,alyangula,97,1580171777,74,-13.85,136.42,31.0,5.7,AU
114,da lat,57,1580171777,89,11.95,108.44,14.3,0.58,VN
115,ancud,20,1580171141,93,-41.87,-73.82,16.0,5.1,CL
116,huarmey,80,1580171185,71,-10.07,-78.15,22.97,2.46,PE
117,khatanga,1,1580171201,92,71.97,102.5,-26.94,2.66,RU
118,moose factory,90,1580171778,92,51.26,-80.61,-12.0,4.6,CA
119,vypolzovo,100,1580171778,92,57.88,33.7,-5.27,4.59,RU
120,avera,90,1580171185,87,33.19,-82.53,11.11,2.6,US
121,east london,98,1580171626,73,-33.02,27.91,19.39,2.86,ZA
122,sola,90,1580171227,94,-13.88,167.55,26.0,7.0,VU
123,kondopoga,100,1580171778,72,62.21,34.26,-10.0,2.0,RU
124,novaya igirma,33,1580171779,85,57.13,103.91,-14.57,1.38,RU
125,humberto de campos,95,1580171779,91,-2.6,-43.46,25.07,1.71,BR
126,sobolevo,100,1580171222,98,54.43,31.9,-0.94,2.73,RU
127,ribeira grande,75,1580171779,93,38.52,-28.7,18.0,8.2,PT
128,banjar,20,1580171779,83,-8.19,114.97,29.0,1.0,ID
129,nanortalik,0,1580171779,64,60.14,-45.24,-5.9,12.87,GL
130,tommot,100,1580171246,94,58.96,126.29,-16.17,3.86,RU
131,severo-kurilsk,97,1580171195,90,50.68,156.12,-2.7,3.92,RU
132,taga,90,1580171779,93,46.95,24.05,3.0,1.0,RO
133,thompson,90,1580171780,92,55.74,-97.86,-12.0,1.0,CA
134,ponta do sol,20,1580171780,72,32.67,-17.1,15.56,2.6,PT
135,longkou,97,1580171780,97,37.65,120.33,1.4,0.73,CN
136,balkanabat,0,1580171780,77,39.51,54.37,0.63,0.75,TM
137,masty,100,1580171780,89,53.41,24.54,1.15,2.42,BY
138,bengkulu,95,1580170934,83,-3.8,102.27,23.87,1.36,ID
139,gladstone,100,1580171209,74,-23.85,151.25,28.33,5.1,AU
140,mar del plata,0,1580171729,67,-38.0,-57.56,16.11,2.6,AR
141,ouallam,85,1580171781,6,14.32,2.09,22.06,4.72,NE
142,kuruman,0,1580171781,35,-27.45,23.43,16.11,4.59,ZA
143,sistranda,75,1580171781,80,63.73,8.83,4.44,5.7,NO
144,general roca,19,1580171212,42,-39.03,-67.58,27.0,4.5,AR
145,opportunity,1,1580171587,90,47.65,-117.24,7.0,3.6,US
146,hambantota,80,1580171223,75,6.12,81.12,24.37,7.83,LK
147,zeya,74,1580171781,93,53.75,127.27,-23.84,1.36,RU
148,hoquiam,90,1580171781,100,46.98,-123.89,9.44,6.2,US
149,north myrtle beach,90,1580171781,81,33.82,-78.68,12.22,3.1,US
150,bambanglipuro,69,1580171255,83,-7.95,110.28,25.83,1.44,ID
151,zanesville,90,1580171601,80,39.94,-82.01,2.0,3.1,US
152,fortuna,90,1580171782,87,40.6,-124.16,13.33,2.6,US
153,naze,75,1580171782,82,28.37,129.48,18.0,4.6,JP
154,akhmim,17,1580171782,52,26.56,31.75,8.0,3.1,EG
155,haines junction,85,1580171783,94,60.75,-137.51,-9.79,3.11,CA
156,zemio,52,1580171198,32,5.03,25.14,18.36,1.61,CF
157,qaanaaq,62,1580171783,62,77.48,-69.36,-24.37,1.47,GL
158,yokadouma,1,1580171783,34,3.52,15.05,18.63,0.19,CM
159,bastia,100,1580171783,100,42.67,9.33,13.0,2.1,FR
160,tuktoyaktuk,40,1580171783,74,69.45,-133.04,-30.0,5.7,CA
161,tongzi,40,1580171783,89,28.78,105.09,6.45,0.79,CN
162,port alfred,100,1580171783,78,-33.59,26.89,15.56,0.89,ZA
163,tungi,0,1580171784,87,23.89,90.41,14.0,1.56,BD
164,malakal,48,1580171784,19,9.53,31.66,20.56,2.88,SS
165,unicov,83,1580171784,97,49.77,17.12,1.67,1.45,CZ
166,atuona,59,1580171784,74,-9.8,-139.03,27.61,4.58,PF
167,asau,99,1580171051,86,46.43,26.4,3.33,1.0,RO
168,los llanos de aridane,75,1580171784,59,28.66,-17.92,18.0,3.1,ES
169,mount isa,75,1580171785,74,-20.73,139.5,28.0,6.7,AU
170,vila,75,1580171203,100,42.03,-8.16,13.89,2.1,PT
171,boralday,90,1580171785,92,43.36,76.86,-1.0,3.0,KZ
172,sinazongwe,29,1580171785,76,-17.26,27.46,24.82,3.81,ZM
173,tarata,75,1580171785,42,-17.62,-66.02,20.0,6.2,BO
174,bang saphan,20,1580171785,100,11.21,99.51,20.0,1.0,TH
175,arraial do cabo,75,1580171785,83,-22.97,-42.03,26.0,6.2,BR
176,ust-tsilma,89,1580171786,99,65.44,52.15,-27.62,0.83,RU
177,haputale,72,1580171786,68,6.77,80.96,14.92,1.28,LK
178,souris,75,1580171786,77,49.62,-100.26,-14.0,3.1,CA
179,sitka,75,1580170940,76,57.05,-135.33,3.0,6.2,US
180,pisco,40,1580171196,83,-13.7,-76.22,23.0,7.7,PE
181,coahuayana,5,1580171215,57,18.73,-103.68,25.0,3.32,MX
182,leh,95,1580171225,66,34.17,77.58,-23.35,2.05,IN
183,klaksvik,35,1580171250,68,62.23,-6.59,0.0,1.0,FO
184,kaitangata,58,1580171786,63,-46.28,169.85,20.0,3.34,NZ
185,cabo san lucas,20,1580171787,64,22.89,-109.91,22.0,5.7,MX
186,adrar,21,1580171236,23,20.5,-10.07,21.57,4.76,MR
187,cherskiy,50,1580171584,90,68.75,161.3,-25.28,2.25,RU
188,nkoteng,28,1580171787,59,4.52,12.03,18.4,1.51,CM
189,orlik,0,1580171787,63,52.52,99.83,-19.61,1.24,RU
190,holme,100,1580171787,93,56.11,10.17,7.0,2.6,DK
191,srednekolymsk,98,1580171214,97,67.45,153.68,-30.83,2.17,RU
192,lasa,90,1580171787,100,46.62,10.7,1.67,11.8,IT
193,labuhan,72,1580171136,85,-6.88,112.21,26.04,1.11,ID
194,wenling,6,1580171788,76,28.37,121.36,5.45,3.39,CN
195,longyearbyen,34,1580171050,77,78.22,15.64,-16.0,1.0,SJ
196,benghazi,11,1580171788,77,32.12,20.07,15.42,5.11,LY
197,konstantinovka,84,1580171788,96,49.62,127.98,-23.7,2.58,RU
198,provideniya,75,1580171788,77,64.38,-173.3,-17.0,3.0,RU
199,san cristobal,40,1580171523,69,7.77,-72.22,27.0,2.1,VE
200,novooleksiyivka,82,1580171789,77,46.23,34.64,5.51,3.05,UA
201,yarim,5,1580171789,50,14.3,44.38,7.54,1.48,YE
202,torbay,75,1580171136,88,47.67,-52.73,2.22,6.37,CA
203,benguela,99,1580171789,82,-12.58,13.41,25.89,1.23,AO
204,georgetown,20,1580171195,94,5.41,100.34,27.0,1.5,MY
205,caravelas,100,1580171226,88,-17.71,-39.25,27.02,7.44,BR
206,palmer,90,1580171789,60,42.16,-72.33,4.44,4.1,US
207,hofn,81,1580171789,56,64.25,-15.21,4.85,4.0,IS
208,alexandria,40,1580171790,82,31.22,29.96,13.0,1.0,EG
209,sikonge,81,1580171790,98,-5.63,32.77,16.11,0.76,TZ
210,lorengau,87,1580171214,78,-2.02,147.27,29.07,6.05,PG
211,sao filipe,0,1580171158,56,14.9,-24.5,23.6,7.03,CV
212,rudbar,0,1580171790,65,30.15,62.6,4.94,7.04,AF
213,kununurra,93,1580171760,66,-15.77,128.73,32.0,2.6,AU
214,ufimskiy,100,1580171790,96,56.71,58.05,-20.45,3.4,RU
215,taltal,0,1580171790,83,-25.4,-70.48,19.21,1.92,CL
216,saldanha,90,1580171235,76,-33.01,17.94,14.0,2.6,ZA
217,guerrero negro,10,1580171791,65,27.98,-114.06,17.83,5.58,MX
218,omboue,46,1580171791,95,-1.57,9.26,24.52,0.63,GA
219,matale,100,1580171791,94,7.47,80.62,17.83,1.41,LK
220,koumac,68,1580171791,46,-20.57,164.28,30.17,2.12,NC
221,dumbea,40,1580171791,44,-22.15,166.45,34.0,6.2,NC
222,komsomolskiy,90,1580171233,80,40.43,71.72,2.0,1.0,UZ
223,itainopolis,78,1580171791,88,-7.45,-41.48,23.9,1.41,BR
224,jodhpur,68,1580171792,69,26.29,73.03,15.09,2.59,IN
225,shimoda,75,1580171182,93,34.67,138.95,11.0,12.9,JP
226,jinchang,41,1580171249,57,38.5,102.17,-9.13,0.69,CN
227,esperance,0,1580171056,48,-33.87,121.9,28.0,6.7,AU
228,quatre cocos,40,1580171792,83,-20.21,57.76,22.22,2.6,MU
229,praia da vitoria,75,1580171792,93,38.73,-27.07,18.0,15.03,PT
230,envira,93,1580171792,90,-7.3,-70.22,25.5,1.21,BR
231,rasmiresti,100,1580171792,91,43.98,25.55,5.0,0.45,RO
232,chokurdakh,100,1580171793,97,70.63,147.92,-29.74,3.28,RU
233,te anau,50,1580171793,67,-45.42,167.72,16.03,2.46,NZ
234,itigi,99,1580171793,93,-5.7,34.48,16.6,0.53,TZ
235,tiksi,100,1580171627,91,71.69,128.87,-29.59,1.64,RU
236,kawalu,100,1580171193,90,-7.38,108.21,23.04,0.41,ID
237,high rock,75,1580171253,83,26.62,-78.28,22.0,2.1,BS
238,ixtapa,40,1580171793,61,20.7,-105.2,26.0,3.6,MX
239,tigzirt,10,1580171793,69,36.89,4.12,13.16,4.61,DZ
240,elliot lake,90,1580171793,80,46.38,-82.63,-1.0,4.6,CA
241,katsuura,75,1580171794,93,35.13,140.3,5.0,10.3,JP
242,ingham,90,1580171794,86,42.6,-84.38,1.67,2.1,US
243,san angelo,40,1580171538,30,31.46,-100.44,22.0,5.1,US
244,champerico,40,1580171794,78,14.3,-91.92,27.0,3.1,GT
245,kahului,20,1580171221,42,20.89,-156.47,30.0,6.7,US
246,toppenish,90,1580171794,75,46.38,-120.31,8.89,3.6,US
247,lixourion,2,1580171794,70,38.2,20.43,14.27,8.94,GR
248,maraa,81,1580171794,84,-1.83,-65.37,25.79,0.82,BR
249,camabatela,100,1580171795,96,-8.19,15.38,17.21,1.23,AO
250,isla vista,40,1580171795,63,34.41,-119.86,22.22,2.6,US
251,nishihara,75,1580171795,63,26.18,127.76,18.0,6.7,JP
252,puerto del rosario,75,1580171795,77,28.5,-13.86,18.0,6.7,ES
253,kodiak,75,1580171795,52,57.79,-152.41,-7.0,3.6,US
254,amurzet,0,1580171795,87,47.7,131.1,-15.69,1.11,RU
255,abha,20,1580171241,39,18.22,42.51,9.0,0.93,SA
256,katobu,0,1580171796,79,-4.94,122.53,28.49,0.62,ID
257,grindavik,90,1580171796,73,63.84,-22.43,2.0,2.6,IS
258,naberera,99,1580171796,94,-4.2,36.93,19.22,3.48,TZ
259,tabuk,65,1580171796,85,17.42,121.44,21.26,1.8,PH
260,koungheul,0,1580171796,9,13.98,-14.8,26.78,3.84,SN
261,akyab,0,1580171796,70,20.15,92.9,15.46,4.05,MM
262,tevaitoa,82,1580171797,72,-16.78,-151.5,28.54,4.64,PF
263,suntar,100,1580171797,98,62.14,117.63,-21.74,1.1,RU
264,mangrol,3,1580171665,78,21.12,70.12,21.4,7.45,IN
265,ambulu,50,1580171797,81,-8.35,113.61,27.3,2.29,ID
266,flinders,75,1580171151,69,-34.58,150.86,27.0,1.5,AU
267,chadiza,60,1580171797,86,-14.07,32.44,18.63,0.75,ZM
268,kargopol,99,1580171797,86,61.51,38.95,-13.62,2.01,RU
269,mahebourg,40,1580171798,83,-20.41,57.7,22.22,2.6,MU
270,ahipara,0,1580171798,77,-35.17,173.17,20.94,4.55,NZ
271,nelson,92,1580171798,41,-41.28,173.28,30.0,3.13,NZ
272,yerbogachen,34,1580171226,97,61.28,108.01,-18.85,2.41,RU
273,kabare,86,1580171798,98,-2.47,28.82,14.59,1.13,CD
274,qianan,100,1580171798,96,44.99,124.06,-14.79,3.8,CN
275,moron,33,1580171798,56,-34.65,-58.62,21.11,4.1,AR
276,souillac,40,1580171799,83,-20.52,57.52,22.22,2.6,MU
277,juegang,100,1580171799,89,32.32,121.19,3.89,5.65,CN
278,nantucket,90,1580171799,80,41.28,-70.1,5.56,4.6,US
279,svetlogorsk,94,1580171799,92,52.63,29.73,-1.02,2.1,BY
280,rach gia,34,1580171799,100,10.02,105.08,22.0,2.87,VN
281,saint george,1,1580171799,25,37.1,-113.58,16.11,2.1,US
282,fairbanks,90,1580171799,67,64.84,-147.72,-30.0,1.03,US
283,lerwick,41,1580171217,75,60.15,-1.15,5.0,8.2,GB
284,udachnyy,40,1580171800,68,66.42,112.4,-26.0,2.0,RU
285,nhulunbuy,75,1580171237,74,-12.23,136.77,31.0,7.2,AU
286,vera cruz,90,1580171800,91,-12.63,-41.03,21.31,0.79,BR
287,sinnamary,99,1580171054,80,5.38,-52.95,26.63,7.18,GF
288,clyde river,5,1580171800,74,70.47,-68.59,-31.0,3.6,CA
289,zalantun,4,1580171801,85,48.0,122.72,-15.69,1.65,CN
290,ocho rios,40,1580171801,69,18.4,-77.1,26.0,2.1,JM
291,timiryazevskoye,40,1580171801,79,56.49,84.88,-2.78,7.0,RU
292,sechura,28,1580171801,81,-5.56,-80.82,24.02,5.63,PE
293,lata,75,1580171638,93,40.16,-8.33,15.0,3.6,PT
294,saint-augustin,100,1580171801,93,51.23,-58.65,-5.97,12.02,CA
295,midland,1,1580171679,22,32.0,-102.08,21.0,6.21,US
296,buraydah,0,1580171801,69,26.33,43.98,3.0,1.4,SA
297,bonavista,94,1580171802,88,48.65,-53.11,2.22,7.15,CA
298,tolaga bay,0,1580171802,83,-38.37,178.3,21.34,4.3,NZ
299,soanierana ivongo,94,1580171802,92,-16.92,49.58,22.17,1.91,MG
300,dubbo,0,1580171802,38,-32.25,148.62,33.0,6.7,AU
301,kaniama,86,1580171802,96,-7.57,24.18,19.7,1.04,CD
302,saint-philippe,20,1580171543,64,-21.36,55.77,22.0,3.6,RE
303,tasiilaq,98,1580171803,58,65.61,-37.64,-2.0,2.1,GL
304,airai,84,1580171804,74,-8.93,125.41,24.86,0.92,TL
305,sao joao da barra,100,1580171052,90,-21.64,-41.05,25.24,4.69,BR
306,pevek,67,1580171804,90,69.7,170.31,-20.09,1.15,RU
307,acapulco,20,1580171644,65,16.86,-99.89,28.0,3.1,MX
308,haftoni,0,1580171804,100,38.76,48.76,-2.0,1.78,AZ
309,padang,95,1580171230,93,-0.95,100.35,20.42,1.49,ID
310,kavaratti,22,1580171261,66,10.57,72.64,26.62,2.94,IN
311,agua verde,5,1580171805,60,22.9,-106.05,24.0,4.6,MX
312,syracuse,5,1580171805,100,37.09,15.28,9.44,2.6,IT
313,broome,90,1580171166,92,42.25,-75.83,1.11,3.6,US
314,athabasca,57,1580171805,82,54.72,-113.29,-4.78,2.34,CA
315,schkeuditz,75,1580171805,81,51.4,12.22,7.22,5.7,DE
316,liwale,76,1580171805,97,-9.77,37.93,22.17,2.87,TZ
317,beloha,1,1580171805,91,-25.17,45.05,21.7,2.0,MG
318,sao felix do xingu,86,1580171805,94,-6.64,-51.99,23.66,2.06,BR
319,auki,96,1580171806,68,-8.77,160.7,29.56,3.29,SB
320,ferme-neuve,94,1580171806,97,46.7,-75.45,-4.42,1.73,CA
321,azul,0,1580171628,42,-36.78,-59.86,20.56,1.34,AR
322,bilma,50,1580171806,12,18.69,12.92,14.68,1.33,NE
323,elizabeth city,90,1580171806,61,36.29,-76.25,11.11,2.6,US
324,paredon,0,1580171806,72,16.03,-93.87,26.89,3.38,MX
325,castle rock,90,1580171622,92,39.37,-104.86,3.89,0.43,US
326,ponta delgada,75,1580171221,93,37.73,-25.67,17.0,7.7,PT
327,maraba,100,1580171807,94,-5.37,-49.12,26.0,1.5,BR
328,goulburn,86,1580171807,32,-34.75,149.72,30.0,3.69,AU
329,muisne,37,1580171807,78,0.6,-80.03,28.0,2.1,EC
330,sulina,100,1580171807,97,45.16,29.65,7.79,2.03,RO
331,leningradskiy,94,1580171807,96,69.38,178.42,-22.89,4.1,RU
332,arys,90,1580171807,100,42.43,68.8,-2.0,2.93,KZ
333,nikel,75,1580171807,83,69.41,30.22,-24.0,2.6,RU
334,valdivia,81,1580171808,73,-39.81,-73.25,21.0,5.1,CL
335,san quintin,0,1580171808,72,30.48,-115.95,16.3,3.55,MX
336,batagay,0,1580171808,69,67.63,134.63,-40.28,0.95,RU
337,isangel,40,1580171209,62,-19.55,169.27,31.0,4.1,VU
338,namibe,99,1580171808,78,-15.2,12.15,24.24,1.16,AO
339,petropavlovsk-kamchatskiy,79,1580171701,77,53.05,158.65,0.0,2.0,RU
340,turukhansk,100,1580171808,89,65.82,87.98,-11.23,6.72,RU
341,anshun,97,1580171808,95,26.25,105.93,0.51,2.51,CN
342,nouakchott,0,1580171702,49,18.09,-15.98,21.0,4.1,MR
343,savannakhet,40,1580171809,82,16.57,104.75,17.0,1.0,LA
344,portland,90,1580170926,93,45.52,-122.68,10.56,8.2,US
345,coihueco,7,1580171809,30,-36.62,-71.83,30.0,3.6,CL
346,mapastepec,11,1580171809,78,15.43,-92.9,24.55,1.82,MX
347,kuvandyk,100,1580171809,92,51.48,57.36,-12.85,6.12,RU
348,stanger,90,1580171809,88,-29.33,31.29,20.56,0.5,ZA
349,awjilah,26,1580171809,28,29.11,21.29,13.72,1.63,LY
350,vostok,0,1580171809,74,46.49,135.88,-8.85,1.07,RU
351,yarmouth,90,1580171810,56,41.71,-70.23,5.56,2.6,US
352,norman wells,75,1580171810,68,65.28,-126.83,-27.0,5.1,CA
353,college,90,1580171229,67,64.86,-147.8,-30.0,1.06,US
354,dandong,100,1580171810,62,40.13,124.39,-0.64,2.38,CN
355,buin,20,1580171810,30,-33.73,-70.75,29.0,3.1,CL
356,mount gambier,100,1580171810,56,-37.83,140.77,21.0,3.6,AU
357,deoband,99,1580171810,87,29.7,77.68,11.99,3.87,IN
358,fukue,75,1580171810,87,32.69,128.84,12.0,4.1,JP
359,najran,5,1580171811,48,17.49,44.13,7.0,0.86,SA
360,virginia beach,75,1580171635,70,36.85,-75.98,10.56,1.5,US
361,owando,65,1580171811,43,-0.48,15.9,23.05,1.03,CG
362,tygda,0,1580171236,96,53.12,126.33,-24.58,2.07,RU
363,khagaria,0,1580171811,81,25.5,86.48,11.59,1.84,IN
364,amahai,20,1580171811,78,-3.33,128.92,28.09,3.89,ID
365,bardiyah,57,1580171811,55,31.76,25.09,14.88,5.23,LY
366,geraldton,0,1580171149,74,-28.77,114.6,26.0,3.1,AU
367,manono,65,1580171812,91,-7.3,27.42,19.92,1.21,CD
368,neryungri,94,1580171812,96,56.67,124.65,-20.29,1.3,RU
369,evensk,100,1580171812,94,61.95,159.23,-7.59,2.52,RU
370,ampanihy,2,1580171812,88,-24.7,44.75,22.75,1.55,MG
371,sydney,75,1580171219,74,-33.87,151.21,30.56,2.1,AU
372,vestmannaeyjar,96,1580171812,67,63.44,-20.27,4.48,9.98,IS
373,zhaotong,98,1580171812,89,27.32,103.72,-2.67,1.59,CN
374,stewarton,75,1580171812,93,55.67,-4.5,2.0,2.1,GB
375,biak,42,1580171765,80,-0.91,122.88,27.43,1.64,ID
376,yatou,99,1580171813,90,37.15,122.38,4.21,3.79,CN
377,garissa,99,1580171813,82,-0.45,39.64,25.2,3.58,KE
378,talaya,63,1580171813,100,61.38,152.75,-20.3,0.39,RU
379,aranos,0,1580171813,15,-24.13,19.12,22.9,5.03,NA
380,manaus,75,1580171054,94,-3.1,-60.02,27.0,3.1,BR
381,bambous virieux,40,1580171813,83,-20.34,57.76,22.22,2.6,MU
382,bridlington,100,1580171624,100,54.08,-0.19,5.0,3.6,GB
383,lasalgaon,0,1580171813,91,20.15,74.23,13.43,3.34,IN
384,lazarev,100,1580171813,91,52.23,141.51,-12.16,0.9,RU
385,rio grande,6,1580171784,83,-32.03,-52.1,19.44,7.38,BR
386,staryy nadym,100,1580171814,96,65.61,72.68,-21.36,7.02,RU
387,mogadishu,78,1580171094,80,2.04,45.34,26.77,11.48,SO
388,dudinka,40,1580171240,77,69.41,86.18,-14.0,10.0,RU
389,pasighat,0,1580171814,63,28.07,95.33,10.24,0.56,IN
390,westport,90,1580171637,56,41.14,-73.36,6.67,4.1,US
391,sabla,0,1580171814,10,12.75,4.71,20.21,4.85,NG
392,pouebo,68,1580171814,46,-20.4,164.57,30.17,2.12,NC
393,talavera de la reina,100,1580171814,96,39.96,-4.83,9.86,5.5,ES
394,nemuro,0,1580171815,62,43.32,145.57,-7.0,1.0,JP
395,bandarbeyla,66,1580171815,68,9.49,50.81,24.63,11.41,SO
396,hovd,0,1580171815,59,48.01,91.64,-14.73,0.94,MN
397,wanning,99,1580171815,92,18.8,110.4,16.17,3.94,CN
398,ostrovnoy,60,1580171815,98,68.05,39.51,-14.27,2.7,RU
399,kendari,28,1580171815,87,-3.94,122.5,27.15,0.9,ID
400,waingapu,21,1580171815,76,-9.66,120.26,28.63,2.38,ID
401,rognan,100,1580171217,63,67.1,15.39,-3.0,15.9,NO
402,cozumel,20,1580171816,74,20.51,-86.95,27.0,1.5,MX
403,krasnoarmeysk,100,1580171816,50,51.02,45.7,-3.89,0.89,RU
404,oistins,20,1580171248,69,13.07,-59.53,26.0,4.6,BB
405,griffith,90,1580171816,97,41.53,-87.42,1.67,0.92,US
406,kismayo,100,1580171816,83,-0.36,42.55,26.87,7.6,SO
407,raga,36,1580171816,23,8.46,25.68,14.62,1.25,SS
408,karpathos,40,1580171816,77,35.51,27.21,15.0,7.2,GR
409,teguldet,100,1580171696,94,57.31,88.17,-4.0,4.9,RU
410,tamandare,98,1580171817,81,-8.76,-35.1,27.37,6.6,BR
411,asmar,83,1580171817,30,35.03,71.36,-2.09,5.37,AF
412,sakakah,32,1580171817,44,29.97,40.21,5.0,2.6,SA
413,kamenka,100,1580171817,95,51.32,42.77,0.56,0.45,RU
414,chacabuco,0,1580171776,64,-34.64,-60.47,17.22,2.9,AR
415,zverinogolovskoye,100,1580171817,94,54.46,64.85,-18.19,2.34,RU
416,port blair,75,1580171817,61,11.67,92.75,24.77,6.61,IN
417,saint-pierre,20,1580171789,64,-21.34,55.48,22.0,3.6,RE
418,anchorage,20,1580171818,65,61.22,-149.9,-13.89,3.6,US
419,pundaguitan,16,1580171818,76,6.37,126.17,27.94,3.03,PH
420,kudahuvadhoo,69,1580171818,73,2.67,72.89,27.28,4.46,MV
421,nome,1,1580171818,69,64.5,-165.41,-25.0,2.1,US
422,homer,75,1580171818,65,59.64,-151.55,-12.0,3.6,US
423,olafsvik,88,1580171818,86,64.89,-23.71,0.23,5.15,IS
424,ocala,90,1580171776,87,29.19,-82.14,18.33,1.47,US
425,dunkirk,83,1580171818,93,51.05,2.37,6.67,5.7,FR
426,neringa,90,1580171819,100,55.37,21.06,2.0,4.0,LT
427,loubomo,100,1580171819,96,-4.2,12.67,23.69,1.02,CG
428,sorland,100,1580171819,78,67.67,12.69,-1.85,11.89,NO
429,waiouru,43,1580171819,60,-39.48,175.67,22.16,3.0,NZ
430,mendi,88,1580171819,87,-6.18,143.65,16.1,1.37,PG
431,ambilobe,100,1580171819,92,-13.2,49.05,23.24,2.77,MG
432,vao,0,1580171819,80,-22.67,167.48,25.58,6.75,NC
433,muzaffarabad,100,1580171820,56,34.37,73.47,0.45,2.93,PK
434,bilibino,100,1580171172,84,68.05,166.44,-17.77,1.12,RU
435,yashan,74,1580171820,75,22.2,109.94,9.09,3.23,CN
436,faya,20,1580171820,39,18.39,42.45,9.0,1.67,SA
437,namatanai,56,1580171231,74,-3.67,152.43,28.87,3.17,PG
438,boa vista,62,1580171234,55,2.82,-60.67,31.0,5.7,BR
439,tiznit,95,1580171821,41,29.58,-9.5,12.96,1.67,MA
440,tuusula,75,1580171821,100,60.42,25.0,3.33,1.5,FI
441,illapel,0,1580171821,61,-31.63,-71.17,16.88,1.44,CL
442,trelew,14,1580171821,9,-43.25,-65.31,27.33,6.16,AR
443,pecos,1,1580171821,26,31.42,-103.49,21.11,8.7,US
444,fort smith,1,1580171821,62,35.39,-94.4,13.0,0.53,US
445,nikolskoye,90,1580171821,85,59.7,30.79,-4.0,3.0,RU
446,coquimbo,75,1580171821,82,-29.95,-71.34,19.0,2.6,CL
447,emba,62,1580171822,91,48.83,58.14,-9.5,8.19,KZ
448,grand gaube,40,1580171822,83,-20.01,57.66,22.22,2.6,MU
449,kabanjahe,40,1580171822,88,3.1,98.49,25.0,2.1,ID
450,malyye derbety,97,1580171822,88,47.95,44.68,-0.97,2.3,RU
451,cairns,75,1580171767,94,-16.92,145.77,27.78,3.6,AU
452,bantry,75,1580171822,59,51.68,-9.45,1.0,4.6,IE
453,taperoa,88,1580171823,53,-7.21,-36.83,28.22,6.82,BR
454,calderitas,40,1580171823,69,18.55,-88.25,27.0,2.6,MX
455,qeshm,0,1580171823,93,26.96,56.27,12.0,1.0,IR
456,isla mujeres,75,1580171823,65,21.23,-86.73,27.0,2.6,MX
457,thunder bay,90,1580171804,85,48.4,-89.32,-6.11,2.1,CA
458,cururupu,100,1580171823,97,-1.83,-44.87,23.8,0.77,BR
459,khandagayty,55,1580171823,91,50.73,92.05,-20.76,0.88,RU
460,xinxiang,18,1580171579,68,35.31,113.87,0.44,0.12,CN
461,sanandaj,0,1580171557,43,35.31,46.99,-8.65,1.19,IR
462,maceio,20,1580170935,88,-9.67,-35.74,25.0,2.6,BR
463,cabinda,100,1580171825,77,-5.55,12.2,27.95,3.26,AO
464,davila,20,1580171825,94,18.47,120.58,21.0,2.6,PH
465,sarangani,74,1580171825,76,5.4,125.46,28.05,3.75,PH
466,nuuk,75,1580171826,85,64.18,-51.72,-11.0,3.1,GL
467,tura,0,1580171827,73,25.52,90.22,12.64,1.71,IN
468,providencia,0,1580171829,47,28.72,-111.58,25.0,4.47,MX
469,kichera,32,1580171832,80,55.94,110.1,-16.35,2.58,RU
470,lompoc,1,1580171832,45,34.64,-120.46,22.22,2.6,US
471,king city,1,1580171834,63,36.21,-121.13,18.33,4.1,US
472,makaha,75,1580171835,54,21.47,-158.22,27.0,4.6,US
473,coihaique,75,1580171839,82,-45.58,-72.07,13.0,3.6,CL
474,vitre,98,1580171841,87,48.12,-1.21,7.0,6.2,FR
475,camopi,100,1580171842,98,3.17,-52.32,22.88,1.5,GF
476,portobelo,75,1580171843,88,9.55,-79.65,26.0,1.5,PA
477,nampula,75,1580171844,94,-15.12,39.27,24.0,2.6,MZ
478,huanren,100,1580171846,71,41.26,125.37,-6.5,0.66,CN
479,eureka,90,1580171847,87,40.8,-124.16,13.33,2.6,US
480,belmonte,20,1580171848,88,-15.86,-38.88,26.0,3.1,BR
481,redmond,90,1580171739,87,47.67,-122.12,10.0,1.5,US
482,antofagasta,90,1580171853,83,-23.65,-70.4,22.22,5.1,CL
483,margate,20,1580171852,93,51.38,1.39,6.11,5.1,GB
484,chatellerault,81,1580171834,93,46.8,0.53,6.67,8.2,FR
485,gusau,0,1580171858,16,12.16,6.66,17.7,4.15,NG
486,cassia,3,1580171860,91,-20.58,-46.92,19.78,0.95,BR
487,san carlos,1,1580171863,40,9.66,-68.58,29.82,0.88,VE
488,zhangjiakou,100,1580171863,88,40.81,114.88,-8.83,2.55,CN
489,gisborne,1,1580171865,50,-38.65,178.0,31.11,2.68,NZ
490,jawhar,49,1580171869,74,2.78,45.5,24.64,6.93,SO
491,velsk,44,1580171872,90,61.07,42.1,-16.59,1.17,RU
492,rabo de peixe,75,1580171875,93,37.8,-25.58,17.0,7.7,PT
493,san carlos de bariloche,75,1580171707,55,-41.15,-71.31,17.0,11.8,AR
494,jumla,83,1580171878,66,29.27,82.18,-5.29,1.72,NP
495,lazaro cardenas,31,1580171880,68,17.96,-102.2,25.93,1.55,MX
496,viedma,17,1580171880,25,-40.81,-63.0,23.35,6.57,AR
497,troitskoye,100,1580171881,91,52.98,84.68,-2.07,5.22,RU
498,ulladulla,75,1580171882,69,-35.35,150.47,27.22,1.5,AU
499,shush,4,1580171883,56,32.19,48.24,9.1,2.64,IR
500,gwadar,0,1580171884,46,25.12,62.33,17.59,10.43,PK
501,tiarei,75,1580171886,70,-17.53,-149.33,30.0,3.6,PF
502,port hardy,75,1580171588,81,50.7,-127.42,7.0,9.8,CA
503,half moon bay,1,1580171890,87,37.46,-122.43,16.11,3.6,US
504,kiama,75,1580171892,69,-34.68,150.87,30.0,1.5,AU
505,hualmay,93,1580171710,81,-11.1,-77.61,21.68,2.37,PE
506,mountain home,75,1580171894,65,43.13,-115.69,8.0,3.1,US
507,lahan,0,1580171895,82,26.73,86.5,12.41,1.15,NP
508,lithgow,0,1580171896,62,-33.48,150.15,30.0,1.5,AU
509,saint-paul,40,1580171896,73,-21.01,55.27,22.0,4.1,RE
510,karasburg,0,1580171897,13,-28.02,18.75,19.27,1.08,NA
511,baykit,100,1580171897,96,61.67,96.37,-13.98,1.13,RU
512,malpe,20,1580171898,88,13.35,74.72,24.0,4.13,IN
513,narsaq,99,1580171898,61,60.92,-46.05,-10.0,3.1,GL
514,araouane,0,1580171899,11,18.9,-3.53,22.0,2.48,ML
515,suluq,0,1580171899,89,31.67,20.25,11.86,3.76,LY
516,oktyabrskoye,5,1580171900,59,43.06,44.74,-0.92,0.96,RU
517,natal,40,1580171847,78,-5.79,-35.21,28.0,4.1,BR
518,fort frances,90,1580171757,78,48.6,-93.4,-9.0,2.1,CA
519,goundam,100,1580171900,8,16.41,-3.67,23.65,4.55,ML
520,hanumangarh,93,1580171900,91,29.58,74.32,12.42,2.68,IN
521,changli,98,1580171900,73,39.7,119.15,-1.91,2.1,CN
522,mufumbwe,91,1580171900,96,-13.68,24.8,17.36,1.23,ZM
523,ostersund,100,1580171900,98,63.18,14.64,0.56,5.1,SE
524,krasnoselkup,99,1580171901,94,65.7,82.47,-9.68,6.45,RU
525,contamana,94,1580171901,57,-7.33,-75.02,30.06,1.68,PE
526,chumikan,33,1580171901,87,54.72,135.31,-15.67,1.83,RU
527,xining,78,1580171901,70,36.62,101.77,-10.68,1.69,CN
528,roseburg,90,1580171901,71,43.22,-123.34,13.33,2.1,US
529,yueyang,57,1580171901,81,29.33,113.09,1.85,1.02,CN
530,yurty,61,1580171901,88,56.05,97.63,-14.3,1.49,RU
531,inverell,7,1580171901,69,-29.78,151.12,27.78,0.89,AU
532,marrakesh,15,1580171794,75,31.63,-8.01,8.0,1.5,MA
533,tual,54,1580171902,77,-5.67,132.75,28.96,6.58,ID
534,wakkanai,0,1580171902,85,45.41,141.67,-12.0,1.5,JP
535,chupa,68,1580171902,93,66.27,33.05,-18.95,1.21,RU
536,broken hill,0,1580171902,23,-31.95,141.43,28.0,5.7,AU
537,shamkhal,0,1580171902,71,43.06,47.34,0.0,3.0,RU
538,zyryanovsk,100,1580171903,91,49.74,84.27,-6.35,2.12,KZ
539,aripuana,96,1580171903,92,-9.17,-60.63,24.83,0.38,BR
540,fonte boa,24,1580171903,83,-2.5,-66.27,25.79,2.08,BR
541,warri,4,1580171903,83,5.52,5.75,23.84,1.26,NG
542,gizo,67,1580171903,70,-8.1,156.84,28.79,2.48,SB
543,abu samrah,93,1580171903,85,35.3,37.18,8.07,2.46,SY
544,san juan,15,1580171903,30,-31.54,-68.54,30.12,8.93,AR
545,clonakilty,75,1580171903,61,51.62,-8.87,1.67,4.6,IE
546,iskateley,36,1580171904,100,67.68,53.15,-26.7,1.49,RU
547,kasempa,76,1580171904,94,-13.46,25.83,17.19,1.15,ZM
548,novopetrovskoye,75,1580171904,92,55.99,36.47,-5.0,5.0,RU
549,marsa matruh,8,1580171904,81,31.35,27.25,10.0,3.48,EG
550,mezen,98,1580171904,96,65.85,44.24,-14.53,4.46,RU
551,urumqi,75,1580171904,92,43.8,87.6,-13.0,2.0,CN
552,kavieng,31,1580171895,75,-2.57,150.8,29.29,3.39,PG
553,tete,40,1580171905,83,-16.16,33.59,26.0,1.5,MZ
554,eyl,72,1580171905,74,7.98,49.82,24.62,12.34,SO
555,severo-yeniseyskiy,100,1580171905,89,60.37,93.04,-10.08,2.27,RU
556,jardim,14,1580171905,68,-21.48,-56.14,25.72,1.56,BR
557,hillsborough,75,1580171905,67,37.57,-122.38,16.11,5.7,US
558,mitu,83,1580171737,76,1.2,-70.17,26.54,1.1,CO
559,lagodekhi,0,1580171905,86,41.83,46.28,-2.0,1.0,GE
560,angoche,100,1580171905,97,-16.23,39.91,23.75,2.98,MZ
561,kiunga,100,1580171906,82,-6.12,141.29,27.92,1.34,PG
562,rioja,82,1580171841,56,-29.41,-66.85,21.9,2.84,AR
563,samarai,100,1580171817,55,-10.62,150.67,31.72,0.78,PG
564,stonewall,90,1580171906,85,50.13,-97.33,-8.33,0.95,CA
565,mauganj,60,1580171906,47,24.68,81.88,14.84,2.21,IN
566,nipawin,90,1580171906,100,53.37,-104.0,-8.0,2.6,CA
567,kikwit,79,1580171906,63,-5.04,18.82,23.55,0.73,CD
568,lahij,4,1580171907,75,13.17,44.58,21.33,5.14,YE
569,puerto ayacucho,100,1580171907,55,5.66,-67.62,32.0,2.6,VE
570,goderich,97,1580171825,82,43.75,-81.72,1.67,0.45,CA
571,zhangye,55,1580171739,58,38.93,100.45,-7.55,0.66,CN
572,talara,18,1580171907,100,-4.58,-81.27,17.0,2.1,PE
573,constitucion,0,1580171907,76,-35.33,-72.42,16.37,5.68,CL
574,outjo,70,1580171907,82,-20.12,16.15,20.0,0.5,NA
575,canto do buriti,57,1580171898,94,-8.11,-42.94,22.83,0.24,BR
576,karaton,40,1580171826,83,-6.34,106.1,28.33,2.1,ID
577,parkes,0,1580171908,27,-33.13,148.18,36.11,3.16,AU
578,kurilsk,0,1580171908,57,45.23,147.88,-5.4,3.31,RU
